Header,colli_h,colli_o,colli_t_h,colli_t_o,eva_avg_h,eva_avg_o,eva_cur_h,eva_cur_o,idx_h,idx_o,robot_x,robot_y,stop,t
"seq: 624
stamp: 
  secs: 41
  nsecs: 475000000
frame_id: ''",0,0,0.0,0.0,1.0,1.0,1.0,1.0,0,0,62.912776947021484,38.10708999633789,False,0.0
"seq: 625
stamp: 
  secs: 41
  nsecs: 525000000
frame_id: ''",0,0,0.0,0.0,1.0,1.0,1.0,1.0,0,0,62.912593841552734,38.107086181640625,False,0.0
"seq: 626
stamp: 
  secs: 41
  nsecs: 568000000
frame_id: ''",0,0,0.0,0.0,1.0,1.0,1.0,1.0,0,0,62.91238021850586,38.107078552246094,False,0.0
"seq: 627
stamp: 
  secs: 41
  nsecs: 610000000
frame_id: ''",0,0,0.0,0.0,1.0,1.0,1.0,1.0,0,0,62.91221618652344,38.1070671081543,False,0.0
"seq: 628
stamp: 
  secs: 41
  nsecs: 647000000
frame_id: ''",0,0,0.0,0.0,1.0,1.0,1.0,1.0,0,0,62.91206359863281,38.1070671081543,False,0.0
"seq: 629
stamp: 
  secs: 41
  nsecs: 693000000
frame_id: ''",0,0,0.0,0.0,1.0,1.0,1.0,1.0,0,0,62.91191101074219,38.10706329345703,False,0.0
"seq: 630
stamp: 
  secs: 41
  nsecs: 744000000
frame_id: ''",0,0,0.0,0.0,1.0,1.0,1.0,1.0,0,0,62.91175079345703,38.1070556640625,False,0.0
"seq: 631
stamp: 
  secs: 41
  nsecs: 793000000
frame_id: ''",0,0,0.0,0.0,1.0,1.0,1.0,1.0,0,0,62.91154098510742,38.10704803466797,False,0.0
"seq: 632
stamp: 
  secs: 41
  nsecs: 860000000
frame_id: ''",0,0,0.0,0.0,1.0,1.0,1.0,1.0,0,0,62.91130447387695,38.10703659057617,False,0.0
"seq: 633
stamp: 
  secs: 41
  nsecs: 918000000
frame_id: ''",0,0,0.0,0.0,1.0,1.0,1.0,1.0,0,0,62.91108703613281,38.10704040527344,False,0.0
"seq: 634
stamp: 
  secs: 41
  nsecs: 985000000
frame_id: ''",0,0,0.0,0.0,1.0,1.0,1.0,1.0,0,0,62.910865783691406,38.10702896118164,False,0.0
"seq: 635
stamp: 
  secs: 42
  nsecs:  48000000
frame_id: ''",0,0,0.0,0.0,1.0,1.0,1.0,1.0,0,0,62.910614013671875,38.10702133178711,False,0.0
"seq: 636
stamp: 
  secs: 42
  nsecs: 117000000
frame_id: ''",0,0,0.0,0.0,1.0,1.0,1.0,1.0,0,0,62.91036605834961,38.10700988769531,False,0.0
"seq: 637
stamp: 
  secs: 42
  nsecs: 157000000
frame_id: ''",0,0,0.0,0.0,1.0,1.0,1.0,1.0,0,0,62.91011047363281,38.106998443603516,False,0.0
"seq: 638
stamp: 
  secs: 42
  nsecs: 210000000
frame_id: ''",0,0,0.0,0.0,1.0,1.0,1.0,1.0,0,0,62.90996170043945,38.10700225830078,False,0.0
"seq: 639
stamp: 
  secs: 42
  nsecs: 268000000
frame_id: ''",0,0,0.0,0.0,1.0,1.0,1.0,1.0,0,0,62.90974426269531,38.10699462890625,False,0.0
"seq: 640
stamp: 
  secs: 42
  nsecs: 332000000
frame_id: ''",0,0,0.0,0.0,1.0,1.0,1.0,1.0,0,0,62.90952682495117,38.10698318481445,False,0.0
"seq: 641
stamp: 
  secs: 42
  nsecs: 392000000
frame_id: ''",0,0,0.0,0.0,1.0,1.0,1.0,1.0,0,0,62.90928268432617,38.10697937011719,False,0.0
"seq: 642
stamp: 
  secs: 42
  nsecs: 429000000
frame_id: ''",0,0,0.0,0.0,1.0,1.0,1.0,1.0,0,0,62.909034729003906,38.106964111328125,False,0.0
"seq: 643
stamp: 
  secs: 42
  nsecs: 470000000
frame_id: ''",0,0,0.0,0.0,1.0,1.0,1.0,1.0,0,0,62.90890884399414,38.10696029663086,False,0.0
"seq: 644
stamp: 
  secs: 42
  nsecs: 521000000
frame_id: ''",0,0,0.0,0.0,1.0,1.0,1.0,1.0,0,0,62.924930572509766,38.10746765136719,False,0.0
"seq: 645
stamp: 
  secs: 42
  nsecs: 586000000
frame_id: ''",0,0,0.0,0.0,1.0,1.0,1.0,1.0,0,0,62.968040466308594,38.10890579223633,False,0.06499999761581421
"seq: 646
stamp: 
  secs: 42
  nsecs: 642000000
frame_id: ''",0,0,0.0,0.0,1.0,1.0,1.0,1.0,0,0,63.06062698364258,38.111995697021484,False,0.12099999934434891
"seq: 647
stamp: 
  secs: 42
  nsecs: 696000000
frame_id: ''",0,0,0.0,0.0,1.0,1.0,1.0,1.0,0,0,63.17652130126953,38.11587142944336,False,0.17499999701976776
"seq: 648
stamp: 
  secs: 42
  nsecs: 743000000
frame_id: ''",0,0,0.0,0.0,1.0,1.0,1.0,1.0,0,0,63.17652130126953,38.11587142944336,False,0.22200000286102295
"seq: 649
stamp: 
  secs: 42
  nsecs: 810000000
frame_id: ''",0,0,0.0,0.0,1.0,1.0,1.0,1.0,0,0,63.47454071044922,38.12581253051758,False,0.289000004529953
"seq: 650
stamp: 
  secs: 42
  nsecs: 877000000
frame_id: ''",0,0,0.0,0.0,1.0,1.0,1.0,1.0,0,0,63.752662658691406,38.13508224487305,False,0.35600000619888306
"seq: 651
stamp: 
  secs: 42
  nsecs: 943000000
frame_id: ''",0,0,0.0,0.0,1.0,1.0,1.0,1.0,0,0,64.00316619873047,38.143436431884766,False,0.421999990940094
"seq: 652
stamp: 
  secs: 43
  nsecs:   8000000
frame_id: ''",0,0,0.0,0.0,1.0,1.0,1.0,1.0,0,0,64.34103393554688,38.15467071533203,False,0.4869999885559082
"seq: 653
stamp: 
  secs: 43
  nsecs:  58000000
frame_id: ''",0,0,0.0,0.0,1.0,1.0,1.0,1.0,0,0,64.7296371459961,38.16758728027344,False,0.5370000004768372
"seq: 654
stamp: 
  secs: 43
  nsecs: 120000000
frame_id: ''",0,0,0.0,0.0,1.0,1.0,1.0,1.0,0,0,65.0367660522461,38.177799224853516,False,0.5989999771118164
"seq: 655
stamp: 
  secs: 43
  nsecs: 201000000
frame_id: ''",0,0,0.0,0.0,1.0,1.0,1.0,1.0,0,0,65.0367660522461,38.177799224853516,False,0.6800000071525574
"seq: 656
stamp: 
  secs: 43
  nsecs: 275000000
frame_id: ''",0,0,0.0,0.0,1.0,1.0,1.0,1.0,0,0,66.12371063232422,38.21366882324219,False,0.7540000081062317
"seq: 657
stamp: 
  secs: 43
  nsecs: 357000000
frame_id: ''",0,0,0.0,0.0,1.0,1.0,1.0,1.0,0,0,66.72694396972656,38.232906341552734,False,0.8360000252723694
"seq: 658
stamp: 
  secs: 43
  nsecs: 422000000
frame_id: ''",0,0,0.0,0.0,1.0,1.0,1.0,1.0,0,0,67.35398864746094,38.24824142456055,False,0.9010000228881836
"seq: 659
stamp: 
  secs: 43
  nsecs: 475000000
frame_id: ''",0,0,0.0,0.0,1.0,1.0,1.0,1.0,0,0,67.93961334228516,38.25909423828125,False,0.9539999961853027
"seq: 660
stamp: 
  secs: 43
  nsecs: 532000000
frame_id: ''",0,0,0.0,0.0,1.0,1.0,1.0,1.0,0,0,68.4852294921875,38.27129364013672,False,1.0110000371932983
"seq: 661
stamp: 
  secs: 43
  nsecs: 593000000
frame_id: ''",0,0,0.0,0.0,1.0,1.0,1.0,1.0,0,0,69.05287170410156,38.28508758544922,False,1.0720000267028809
"seq: 662
stamp: 
  secs: 43
  nsecs: 647000000
frame_id: ''",0,0,0.0,0.0,1.0,1.0,1.0,1.0,0,0,69.62610626220703,38.30116271972656,False,1.1260000467300415
"seq: 663
stamp: 
  secs: 43
  nsecs: 716000000
frame_id: ''",0,0,0.0,0.0,1.0,1.0,1.0,1.0,0,0,70.18653869628906,38.320579528808594,False,1.1950000524520874
"seq: 664
stamp: 
  secs: 43
  nsecs: 786000000
frame_id: ''",0,0,0.0,0.0,1.0,1.0,1.0,1.0,0,0,70.8361587524414,38.34758758544922,False,1.2649999856948853
"seq: 665
stamp: 
  secs: 43
  nsecs: 848000000
frame_id: ''",0,0,0.0,0.0,1.0,1.0,1.0,1.0,0,0,71.63484954833984,38.387943267822266,False,1.3270000219345093
"seq: 666
stamp: 
  secs: 43
  nsecs: 893000000
frame_id: ''",0,0,0.0,0.0,1.0,1.0,1.0,1.0,0,0,72.18453216552734,38.42167282104492,False,1.371999979019165
"seq: 667
stamp: 
  secs: 43
  nsecs: 968000000
frame_id: ''",0,0,0.0,0.0,1.0,1.0,1.0,1.0,0,0,72.56360626220703,38.44407653808594,False,1.4470000267028809
"seq: 668
stamp: 
  secs: 44
  nsecs:  43000000
frame_id: ''",0,0,0.0,0.0,1.0,1.0,1.0,1.0,0,0,73.27446746826172,38.48471450805664,False,1.5219999551773071
"seq: 669
stamp: 
  secs: 44
  nsecs: 116000000
frame_id: ''",0,0,0.0,0.0,1.0,1.0,1.0,1.0,0,0,73.97478485107422,38.520809173583984,False,1.5950000286102295
"seq: 670
stamp: 
  secs: 44
  nsecs: 167000000
frame_id: ''",0,0,0.0,0.0,1.0,1.0,1.0,1.0,0,0,74.7052001953125,38.561100006103516,False,1.6460000276565552
"seq: 671
stamp: 
  secs: 44
  nsecs: 234000000
frame_id: ''",0,0,0.0,0.0,1.0,1.0,1.0,1.0,0,0,74.7052001953125,38.561100006103516,False,1.7130000591278076
"seq: 672
stamp: 
  secs: 44
  nsecs: 295000000
frame_id: ''",0,0,0.0,0.0,1.0,1.0,1.0,1.0,0,0,75.89852905273438,38.635154724121094,False,1.7740000486373901
"seq: 673
stamp: 
  secs: 44
  nsecs: 368000000
frame_id: ''",0,0,0.0,0.0,1.0,1.0,1.0,1.0,0,0,75.89852905273438,38.635154724121094,False,1.847000002861023
"seq: 674
stamp: 
  secs: 44
  nsecs: 443000000
frame_id: ''",0,0,0.0,0.0,1.0,1.0,1.0,1.0,0,0,77.22343444824219,38.720619201660156,False,1.9220000505447388
"seq: 675
stamp: 
  secs: 44
  nsecs: 498000000
frame_id: ''",0,0,0.0,0.0,1.0,1.0,1.0,1.0,0,0,77.96107482910156,38.77166748046875,False,1.9769999980926514
"seq: 676
stamp: 
  secs: 44
  nsecs: 554000000
frame_id: ''",0,0,0.0,0.0,1.0,1.0,1.0,1.0,0,0,78.52398681640625,38.8112678527832,False,2.0329999923706055
"seq: 677
stamp: 
  secs: 44
  nsecs: 612000000
frame_id: ''",0,0,0.0,0.0,1.0,1.0,1.0,1.0,0,0,79.05270385742188,38.848079681396484,False,2.0910000801086426
"seq: 678
stamp: 
  secs: 44
  nsecs: 673000000
frame_id: ''",0,0,0.0,0.0,1.0,1.0,1.0,1.0,0,0,79.59027862548828,38.88243103027344,False,2.1519999504089355
"seq: 679
stamp: 
  secs: 44
  nsecs: 725000000
frame_id: ''",0,0,0.0,0.0,1.0,1.0,1.0,1.0,0,0,79.59027862548828,38.88243103027344,False,2.2039999961853027
"seq: 680
stamp: 
  secs: 44
  nsecs: 796000000
frame_id: ''",0,0,0.0,0.0,1.0,1.0,1.0,1.0,0,0,80.67652130126953,38.95058059692383,False,2.2750000953674316
"seq: 681
stamp: 
  secs: 44
  nsecs: 871000000
frame_id: ''",0,0,0.0,0.0,1.0,1.0,1.0,1.0,0,0,81.55408477783203,39.00651931762695,False,2.3499999046325684
"seq: 682
stamp: 
  secs: 44
  nsecs: 935000000
frame_id: ''",0,0,0.0,0.0,1.0,1.0,1.0,1.0,0,0,82.12259674072266,39.042999267578125,False,2.4140000343322754
"seq: 683
stamp: 
  secs: 44
  nsecs: 985000000
frame_id: ''",0,0,0.0,0.0,1.0,1.0,1.0,1.0,0,0,82.75778198242188,39.08379364013672,False,2.4639999866485596
"seq: 684
stamp: 
  secs: 45
  nsecs:  43000000
frame_id: ''",0,0,0.0,0.0,1.0,1.0,1.0,1.0,0,0,83.2830581665039,39.11648941040039,False,2.5220000743865967
"seq: 685
stamp: 
  secs: 45
  nsecs:  92000000
frame_id: ''",0,0,0.0,0.0,1.0,1.0,1.0,1.0,0,0,83.85244750976562,39.153846740722656,False,2.571000099182129
"seq: 686
stamp: 
  secs: 45
  nsecs: 118000000
frame_id: ''",0,0,0.0,0.0,1.0,1.0,1.0,1.0,0,0,84.34014129638672,39.186641693115234,False,2.5969998836517334
"seq: 687
stamp: 
  secs: 45
  nsecs: 171000000
frame_id: ''",0,0,0.0,0.0,1.0,1.0,1.0,1.0,0,0,84.58760833740234,39.203521728515625,False,2.6500000953674316
"seq: 688
stamp: 
  secs: 45
  nsecs: 216000000
frame_id: ''",0,0,0.0,0.0,1.0,1.0,1.0,1.0,0,0,85.11259460449219,39.239418029785156,False,2.694999933242798
"seq: 689
stamp: 
  secs: 45
  nsecs: 270000000
frame_id: ''",0,0,0.0,0.0,1.0,1.0,1.0,1.0,0,0,85.4903793334961,39.264469146728516,False,2.749000072479248
"seq: 690
stamp: 
  secs: 45
  nsecs: 342000000
frame_id: ''",0,0,0.0,0.0,1.0,1.0,1.0,1.0,0,0,85.4903793334961,39.264469146728516,False,2.821000099182129
"seq: 691
stamp: 
  secs: 45
  nsecs: 393000000
frame_id: ''",0,0,0.0,0.0,1.0,1.0,1.0,1.0,0,0,86.73094940185547,39.34486770629883,False,2.871999979019165
"seq: 692
stamp: 
  secs: 45
  nsecs: 459000000
frame_id: ''",0,0,0.0,0.0,1.0,1.0,1.0,1.0,0,0,87.2098617553711,39.37875747680664,False,2.937999963760376
"seq: 693
stamp: 
  secs: 45
  nsecs: 508000000
frame_id: ''",0,0,0.0,0.0,1.0,1.0,1.0,1.0,0,0,87.91761779785156,39.43235778808594,False,2.986999988555908
"seq: 694
stamp: 
  secs: 45
  nsecs: 567000000
frame_id: ''",0,0,0.0,0.0,1.0,1.0,1.0,1.0,0,0,88.40596771240234,39.470760345458984,False,3.0460000038146973
"seq: 695
stamp: 
  secs: 45
  nsecs: 618000000
frame_id: ''",0,0,0.0,0.0,1.0,1.0,1.0,1.0,0,0,88.40596771240234,39.470760345458984,False,3.0969998836517334
"seq: 696
stamp: 
  secs: 45
  nsecs: 680000000
frame_id: ''",0,0,0.0,0.0,1.0,1.0,1.0,1.0,0,0,89.46212005615234,39.556392669677734,False,3.1589999198913574
"seq: 697
stamp: 
  secs: 45
  nsecs: 734000000
frame_id: ''",0,0,0.0,0.0,1.0,1.0,1.0,1.0,0,0,90.09947204589844,39.6092529296875,False,3.2130000591278076
"seq: 698
stamp: 
  secs: 45
  nsecs: 787000000
frame_id: ''",0,0,0.0,0.0,1.0,1.0,1.0,1.0,0,0,90.65502166748047,39.655792236328125,False,3.2660000324249268
"seq: 699
stamp: 
  secs: 45
  nsecs: 847000000
frame_id: ''",0,0,0.0,0.0,1.0,1.0,1.0,1.0,0,0,91.19479370117188,39.701263427734375,False,3.3259999752044678
"seq: 700
stamp: 
  secs: 45
  nsecs: 899000000
frame_id: ''",0,0,0.0,0.0,1.0,1.0,1.0,1.0,0,0,91.71300506591797,39.74374008178711,False,3.378000020980835
"seq: 701
stamp: 
  secs: 45
  nsecs: 943000000
frame_id: ''",0,0,0.0,0.0,1.0,1.0,1.0,1.0,0,0,92.19468688964844,39.779945373535156,False,3.421999931335449
"seq: 702
stamp: 
  secs: 45
  nsecs: 993000000
frame_id: ''",0,0,0.0,0.0,1.0,1.0,1.0,1.0,0,0,92.19468688964844,39.779945373535156,False,3.4719998836517334
"seq: 703
stamp: 
  secs: 46
  nsecs:  37000000
frame_id: ''",0,0,0.0,0.0,1.0,1.0,1.0,1.0,0,0,93.08209991455078,39.8458251953125,False,3.5160000324249268
"seq: 704
stamp: 
  secs: 46
  nsecs:  82000000
frame_id: ''",0,0,0.0,0.0,1.0,1.0,1.0,1.0,0,0,93.56101989746094,39.883277893066406,False,3.561000108718872
"seq: 705
stamp: 
  secs: 46
  nsecs: 143000000
frame_id: ''",0,0,0.0,0.0,1.0,1.0,1.0,1.0,0,0,94.02908325195312,39.92045211791992,False,3.621999979019165
"seq: 706
stamp: 
  secs: 46
  nsecs: 202000000
frame_id: ''",0,0,0.0,0.0,1.0,1.0,1.0,1.0,0,0,94.59700012207031,39.965354919433594,False,3.680999994277954
"seq: 707
stamp: 
  secs: 46
  nsecs: 267000000
frame_id: ''",0,0,0.0,0.0,1.0,1.0,1.0,1.0,0,0,95.17493438720703,40.01155090332031,False,3.746000051498413
"seq: 708
stamp: 
  secs: 46
  nsecs: 342000000
frame_id: ''",0,0,0.0,0.0,1.0,1.0,1.0,1.0,0,0,95.8284683227539,40.06334686279297,False,3.821000099182129
"seq: 709
stamp: 
  secs: 46
  nsecs: 382000000
frame_id: ''",0,0,0.0,0.0,1.0,1.0,1.0,1.0,0,0,95.8284683227539,40.06334686279297,False,3.8610000610351562
"seq: 710
stamp: 
  secs: 46
  nsecs: 443000000
frame_id: ''",0,0,0.0,0.0,1.0,1.0,1.0,1.0,0,0,96.95479583740234,40.14642333984375,False,3.921999931335449
"seq: 711
stamp: 
  secs: 46
  nsecs: 518000000
frame_id: ''",0,0,0.0,0.0,1.0,1.0,1.0,1.0,0,0,97.55702209472656,40.188575744628906,False,3.996999979019165
"seq: 712
stamp: 
  secs: 46
  nsecs: 583000000
frame_id: ''",0,0,0.0,0.0,1.0,1.0,1.0,1.0,0,0,98.23587799072266,40.22998809814453,False,4.061999797821045
"seq: 713
stamp: 
  secs: 46
  nsecs: 648000000
frame_id: ''",0,0,0.0,0.0,1.0,1.0,1.0,1.0,0,0,98.23587799072266,40.22998809814453,False,4.126999855041504
"seq: 714
stamp: 
  secs: 46
  nsecs: 718000000
frame_id: ''",0,0,0.0,0.0,1.0,1.0,1.0,1.0,0,0,99.51920318603516,40.30493927001953,False,4.197000026702881
"seq: 715
stamp: 
  secs: 46
  nsecs: 786000000
frame_id: ''",0,0,0.0,0.0,1.0,1.0,1.0,1.0,0,0,100.23770904541016,40.3486213684082,False,4.264999866485596
"seq: 716
stamp: 
  secs: 46
  nsecs: 848000000
frame_id: ''",0,0,0.0,0.0,1.0,1.0,1.0,1.0,0,0,100.96956634521484,40.392494201660156,False,4.327000141143799
"seq: 717
stamp: 
  secs: 46
  nsecs: 908000000
frame_id: ''",0,0,0.0,0.0,1.0,1.0,1.0,1.0,0,0,101.5290756225586,40.42748260498047,False,4.38700008392334
"seq: 718
stamp: 
  secs: 46
  nsecs: 942000000
frame_id: ''",0,0,0.0,0.0,1.0,1.0,1.0,1.0,0,0,102.09769439697266,40.463863372802734,False,4.421000003814697
"seq: 719
stamp: 
  secs: 46
  nsecs: 984000000
frame_id: ''",0,0,0.0,0.0,1.0,1.0,1.0,1.0,0,0,102.4167251586914,40.48450469970703,False,4.4629998207092285
"seq: 720
stamp: 
  secs: 47
  nsecs:  58000000
frame_id: ''",0,0,0.0,0.0,1.0,1.0,1.0,1.0,0,0,102.4167251586914,40.48450469970703,False,4.5370001792907715
"seq: 721
stamp: 
  secs: 47
  nsecs: 101000000
frame_id: ''",0,0,0.0,0.0,1.0,1.0,1.0,1.0,0,0,103.6026611328125,40.56703186035156,False,4.579999923706055
"seq: 722
stamp: 
  secs: 47
  nsecs: 169000000
frame_id: ''",0,0,0.0,0.0,1.0,1.0,1.0,1.0,0,0,104.02009582519531,40.59515380859375,False,4.6479997634887695
"seq: 723
stamp: 
  secs: 47
  nsecs: 204000000
frame_id: ''",0,0,0.0,0.0,1.0,1.0,1.0,1.0,0,0,104.62303161621094,40.63161087036133,False,4.683000087738037
"seq: 724
stamp: 
  secs: 47
  nsecs: 243000000
frame_id: ''",0,0,0.0,0.0,1.0,1.0,1.0,1.0,0,0,105.00755310058594,40.6541748046875,False,4.7220001220703125
"seq: 725
stamp: 
  secs: 47
  nsecs: 292000000
frame_id: ''",0,0,0.0,0.0,1.0,1.0,1.0,1.0,0,0,105.334716796875,40.67398452758789,False,4.770999908447266
"seq: 726
stamp: 
  secs: 47
  nsecs: 343000000
frame_id: ''",0,0,0.0,0.0,1.0,1.0,1.0,1.0,0,0,105.87334442138672,40.708282470703125,False,4.822000026702881
"seq: 727
stamp: 
  secs: 47
  nsecs: 393000000
frame_id: ''",0,0,0.0,0.0,1.0,1.0,1.0,1.0,0,0,106.37200927734375,40.741424560546875,False,4.872000217437744
"seq: 728
stamp: 
  secs: 47
  nsecs: 435000000
frame_id: ''",0,0,0.0,0.0,1.0,1.0,1.0,1.0,0,0,106.85071563720703,40.77425003051758,False,4.914000034332275
"seq: 729
stamp: 
  secs: 47
  nsecs: 491000000
frame_id: ''",0,0,0.0,0.0,1.0,1.0,1.0,1.0,0,0,107.26953887939453,40.803733825683594,False,4.96999979019165
"seq: 730
stamp: 
  secs: 47
  nsecs: 543000000
frame_id: ''",0,0,0.0,0.0,1.0,1.0,1.0,1.0,0,0,107.83792114257812,40.844871520996094,False,5.021999835968018
"seq: 731
stamp: 
  secs: 47
  nsecs: 609000000
frame_id: ''",0,0,0.0,0.0,1.0,1.0,1.0,1.0,0,0,108.32642364501953,40.881202697753906,False,5.0879998207092285
"seq: 732
stamp: 
  secs: 47
  nsecs: 669000000
frame_id: ''",0,0,0.0,0.0,1.0,1.0,1.0,1.0,0,0,108.32642364501953,40.881202697753906,False,5.1479997634887695
"seq: 733
stamp: 
  secs: 47
  nsecs: 737000000
frame_id: ''",0,0,0.0,0.0,1.0,1.0,1.0,1.0,0,0,109.60796356201172,40.978816986083984,False,5.216000080108643
"seq: 734
stamp: 
  secs: 47
  nsecs: 794000000
frame_id: ''",0,0,0.0,0.0,1.0,1.0,1.0,1.0,0,0,109.60796356201172,40.978816986083984,False,5.2729997634887695
"seq: 735
stamp: 
  secs: 47
  nsecs: 862000000
frame_id: ''",0,0,0.0,0.0,1.0,1.0,1.0,1.0,0,0,110.79024505615234,41.06417465209961,False,5.341000080108643
"seq: 736
stamp: 
  secs: 47
  nsecs: 935000000
frame_id: ''",0,0,0.0,0.0,1.0,1.0,1.0,1.0,0,0,111.50018310546875,41.11260986328125,False,5.414000034332275
"seq: 737
stamp: 
  secs: 48
  nsecs:  10000000
frame_id: ''",0,0,0.0,0.0,1.0,1.0,1.0,1.0,0,0,112.21646881103516,41.16489791870117,False,5.488999843597412
"seq: 738
stamp: 
  secs: 48
  nsecs:  69000000
frame_id: ''",0,0,0.0,0.0,1.0,1.0,1.0,1.0,0,0,112.93411254882812,41.220863342285156,False,5.547999858856201
"seq: 739
stamp: 
  secs: 48
  nsecs: 144000000
frame_id: ''",0,0,0.0,0.0,1.0,1.0,1.0,1.0,0,0,113.53541564941406,41.26905059814453,False,5.623000144958496
"seq: 740
stamp: 
  secs: 48
  nsecs: 191000000
frame_id: ''",0,0,0.0,0.0,1.0,1.0,1.0,1.0,0,0,114.26346588134766,41.327877044677734,False,5.670000076293945
"seq: 741
stamp: 
  secs: 48
  nsecs: 253000000
frame_id: ''",0,0,0.0,0.0,1.0,1.0,1.0,1.0,0,0,114.7358627319336,41.36469650268555,False,5.73199987411499
"seq: 742
stamp: 
  secs: 48
  nsecs: 318000000
frame_id: ''",0,0,0.0,0.0,1.0,1.0,1.0,1.0,0,0,115.30906677246094,41.4122314453125,False,5.796999931335449
"seq: 743
stamp: 
  secs: 48
  nsecs: 361000000
frame_id: ''",0,0,0.0,0.0,1.0,1.0,1.0,1.0,0,0,115.93567657470703,41.46136474609375,False,5.840000152587891
"seq: 744
stamp: 
  secs: 48
  nsecs: 430000000
frame_id: ''",0,0,0.0,0.0,1.0,1.0,1.0,1.0,0,0,116.38574981689453,41.49630355834961,False,5.908999919891357
"seq: 745
stamp: 
  secs: 48
  nsecs: 495000000
frame_id: ''",0,0,0.0,0.0,1.0,1.0,1.0,1.0,0,0,116.99221801757812,41.53900146484375,False,5.973999977111816
"seq: 746
stamp: 
  secs: 48
  nsecs: 564000000
frame_id: ''",0,0,0.0,0.0,1.0,1.0,1.0,1.0,0,0,117.58489990234375,41.576904296875,False,6.043000221252441
"seq: 747
stamp: 
  secs: 48
  nsecs: 606000000
frame_id: ''",0,0,0.0,0.0,1.0,1.0,1.0,1.0,0,0,118.29130554199219,41.61835479736328,False,6.085000038146973
"seq: 748
stamp: 
  secs: 48
  nsecs: 669000000
frame_id: ''",0,0,0.0,0.0,1.0,1.0,1.0,1.0,0,0,118.69068908691406,41.64329528808594,False,6.1479997634887695
"seq: 749
stamp: 
  secs: 48
  nsecs: 718000000
frame_id: ''",0,0,0.0,0.0,1.0,1.0,1.0,1.0,0,0,118.69068908691406,41.64329528808594,False,6.197000026702881
"seq: 750
stamp: 
  secs: 48
  nsecs: 779000000
frame_id: ''",0,0,0.0,0.0,1.0,1.0,1.0,1.0,0,0,119.81780242919922,41.71633529663086,False,6.257999897003174
"seq: 751
stamp: 
  secs: 48
  nsecs: 855000000
frame_id: ''",0,0,0.0,0.0,1.0,1.0,1.0,1.0,0,0,120.53590393066406,41.76445007324219,False,6.334000110626221
"seq: 752
stamp: 
  secs: 48
  nsecs: 901000000
frame_id: ''",0,0,0.0,0.0,1.0,1.0,1.0,1.0,0,0,121.17406463623047,41.80813980102539,False,6.380000114440918
"seq: 753
stamp: 
  secs: 48
  nsecs: 972000000
frame_id: ''",0,0,0.0,0.0,1.0,1.0,1.0,1.0,0,0,121.67191314697266,41.84231948852539,False,6.451000213623047
"seq: 754
stamp: 
  secs: 49
  nsecs:  34000000
frame_id: ''",0,0,0.0,0.0,1.0,1.0,1.0,1.0,0,0,122.3230209350586,41.88644027709961,False,6.513000011444092
"seq: 755
stamp: 
  secs: 49
  nsecs: 106000000
frame_id: ''",0,0,0.0,0.0,1.0,1.0,1.0,1.0,0,0,122.92960357666016,41.92446517944336,False,6.585000038146973
"seq: 756
stamp: 
  secs: 49
  nsecs: 173000000
frame_id: ''",0,0,0.0,0.0,1.0,1.0,1.0,1.0,0,0,123.63422393798828,41.96230697631836,False,6.6519999504089355
"seq: 757
stamp: 
  secs: 49
  nsecs: 199000000
frame_id: ''",0,0,0.0,0.0,1.0,1.0,1.0,1.0,0,0,124.32058715820312,41.99850845336914,False,6.677999973297119
"seq: 758
stamp: 
  secs: 49
  nsecs: 273000000
frame_id: ''",0,0,0.0,0.0,1.0,1.0,1.0,1.0,0,0,124.56967163085938,42.01198959350586,False,6.751999855041504
"seq: 759
stamp: 
  secs: 49
  nsecs: 324000000
frame_id: ''",0,0,0.0,0.0,1.0,1.0,1.0,1.0,0,0,125.2743911743164,42.0468864440918,False,6.802999973297119
"seq: 760
stamp: 
  secs: 49
  nsecs: 361000000
frame_id: ''",0,0,0.0,0.0,1.0,1.0,1.0,1.0,0,0,125.2743911743164,42.0468864440918,False,6.840000152587891
"seq: 761
stamp: 
  secs: 49
  nsecs: 429000000
frame_id: ''",0,0,0.0,0.0,1.0,1.0,1.0,1.0,0,0,126.15135192871094,42.078208923339844,False,6.9079999923706055
"seq: 762
stamp: 
  secs: 49
  nsecs: 482000000
frame_id: ''",0,0,0.0,0.0,1.0,1.0,1.0,1.0,0,0,126.85015869140625,42.09613037109375,False,6.960999965667725
"seq: 763
stamp: 
  secs: 49
  nsecs: 529000000
frame_id: ''",0,0,0.0,0.0,1.0,1.0,1.0,1.0,0,0,127.34935760498047,42.105003356933594,False,7.007999897003174
"seq: 764
stamp: 
  secs: 49
  nsecs: 583000000
frame_id: ''",0,0,0.0,0.0,1.0,1.0,1.0,1.0,0,0,127.82852172851562,42.110267639160156,False,7.061999797821045
"seq: 765
stamp: 
  secs: 49
  nsecs: 640000000
frame_id: ''",0,0,0.0,0.0,1.0,1.0,1.0,1.0,0,0,128.3868408203125,42.11243438720703,False,7.11899995803833
"seq: 766
stamp: 
  secs: 49
  nsecs: 710000000
frame_id: ''",0,0,0.0,0.0,1.0,1.0,1.0,1.0,0,0,128.93666076660156,42.11006164550781,False,7.189000129699707
"seq: 767
stamp: 
  secs: 49
  nsecs: 773000000
frame_id: ''",0,0,0.0,0.0,1.0,1.0,1.0,1.0,0,0,129.6171875,42.099361419677734,False,7.251999855041504
"seq: 768
stamp: 
  secs: 49
  nsecs: 846000000
frame_id: ''",0,0,0.0,0.0,1.0,1.0,1.0,1.0,0,0,129.6171875,42.099361419677734,False,7.324999809265137
"seq: 769
stamp: 
  secs: 49
  nsecs: 919000000
frame_id: ''",0,0,0.0,0.0,1.0,1.0,1.0,1.0,0,0,130.90036010742188,42.05958938598633,False,7.3979997634887695
"seq: 770
stamp: 
  secs: 49
  nsecs: 970000000
frame_id: ''",0,0,0.0,0.0,1.0,1.0,1.0,1.0,0,0,131.61904907226562,42.03021240234375,False,7.448999881744385
"seq: 771
stamp: 
  secs: 50
  nsecs:         0
frame_id: ''",0,0,0.0,0.0,1.0,1.0,1.0,1.0,0,0,132.17776489257812,42.003536224365234,False,7.479000091552734
"seq: 772
stamp: 
  secs: 50
  nsecs:  66000000
frame_id: ''",0,0,0.0,0.0,1.0,1.0,1.0,1.0,0,0,132.17776489257812,42.003536224365234,False,7.545000076293945
"seq: 773
stamp: 
  secs: 50
  nsecs: 105000000
frame_id: ''",0,0,0.0,0.0,1.0,1.0,1.0,1.0,0,0,133.13523864746094,41.95016860961914,False,7.584000110626221
"seq: 774
stamp: 
  secs: 50
  nsecs: 173000000
frame_id: ''",0,0,0.0,0.0,1.0,1.0,1.0,1.0,0,0,133.13523864746094,41.95016860961914,False,7.6519999504089355
"seq: 775
stamp: 
  secs: 50
  nsecs: 247000000
frame_id: ''",0,0,0.0,0.0,1.0,1.0,1.0,1.0,0,0,134.1918182373047,41.881309509277344,False,7.72599983215332
"seq: 776
stamp: 
  secs: 50
  nsecs: 299000000
frame_id: ''",0,0,0.0,0.0,1.0,1.0,1.0,1.0,0,0,134.1918182373047,41.881309509277344,False,7.7779998779296875
"seq: 777
stamp: 
  secs: 50
  nsecs: 368000000
frame_id: ''",0,0,0.0,0.0,1.0,1.0,1.0,1.0,0,0,135.44583129882812,41.785804748535156,False,7.8470001220703125
"seq: 778
stamp: 
  secs: 50
  nsecs: 430000000
frame_id: ''",0,0,0.0,0.0,1.0,1.0,1.0,1.0,0,0,136.04527282714844,41.73465347290039,False,7.908999919891357
"seq: 779
stamp: 
  secs: 50
  nsecs: 478000000
frame_id: ''",0,0,0.0,0.0,1.0,1.0,1.0,1.0,0,0,136.6713104248047,41.67350769042969,False,7.956999778747559
"seq: 780
stamp: 
  secs: 50
  nsecs: 537000000
frame_id: ''",0,0,0.0,0.0,1.0,1.0,1.0,1.0,0,0,137.15011596679688,41.625003814697266,False,8.015999794006348
"seq: 781
stamp: 
  secs: 50
  nsecs: 605000000
frame_id: ''",0,0,0.0,0.0,1.0,1.0,1.0,1.0,0,0,137.7063446044922,41.56675720214844,False,8.083999633789062
"seq: 782
stamp: 
  secs: 50
  nsecs: 659000000
frame_id: ''",0,0,0.0,0.0,1.0,1.0,1.0,1.0,0,0,137.7063446044922,41.56675720214844,False,8.137999534606934
"seq: 783
stamp: 
  secs: 50
  nsecs: 697000000
frame_id: ''",0,0,0.0,0.0,1.0,1.0,1.0,1.0,0,0,138.89820861816406,41.43592834472656,False,8.175999641418457
"seq: 784
stamp: 
  secs: 50
  nsecs: 740000000
frame_id: ''",0,0,0.0,0.0,1.0,1.0,1.0,1.0,0,0,138.89820861816406,41.43592834472656,False,8.218999862670898
"seq: 785
stamp: 
  secs: 50
  nsecs: 814000000
frame_id: ''",0,0,0.0,0.0,1.0,1.0,1.0,1.0,0,0,139.7518310546875,41.33707809448242,False,8.293000221252441
"seq: 786
stamp: 
  secs: 50
  nsecs: 867000000
frame_id: ''",0,0,0.0,0.0,1.0,1.0,1.0,1.0,0,0,140.48587036132812,41.248626708984375,False,8.345999717712402
"seq: 787
stamp: 
  secs: 50
  nsecs: 923000000
frame_id: ''",0,0,0.0,0.0,1.0,1.0,1.0,1.0,0,0,140.9613800048828,41.189571380615234,False,8.402000427246094
"seq: 788
stamp: 
  secs: 50
  nsecs: 979000000
frame_id: ''",0,0,0.0,0.0,1.0,1.0,1.0,1.0,0,0,140.9613800048828,41.189571380615234,False,8.458000183105469
"seq: 789
stamp: 
  secs: 51
  nsecs:  26000000
frame_id: ''",0,0,0.0,0.0,1.0,1.0,1.0,1.0,0,0,142.0409393310547,41.04972457885742,False,8.505000114440918
"seq: 790
stamp: 
  secs: 51
  nsecs:  73000000
frame_id: ''",0,0,0.0,0.0,1.0,1.0,1.0,1.0,0,0,142.4807891845703,40.988861083984375,False,8.552000045776367
"seq: 791
stamp: 
  secs: 51
  nsecs: 118000000
frame_id: ''",0,0,0.0,0.0,1.0,1.0,1.0,1.0,0,0,142.9335479736328,40.92367172241211,False,8.597000122070312
"seq: 792
stamp: 
  secs: 51
  nsecs: 173000000
frame_id: ''",0,0,0.0,0.0,1.0,1.0,1.0,1.0,0,0,142.9335479736328,40.92367172241211,False,8.652000427246094
"seq: 793
stamp: 
  secs: 51
  nsecs: 226000000
frame_id: ''",0,0,0.0,0.0,1.0,1.0,1.0,1.0,0,0,143.86746215820312,40.78507614135742,False,8.704999923706055
"seq: 794
stamp: 
  secs: 51
  nsecs: 280000000
frame_id: ''",0,0,0.0,0.0,1.0,1.0,1.0,1.0,0,0,144.40826416015625,40.7013053894043,False,8.758999824523926
"seq: 795
stamp: 
  secs: 51
  nsecs: 334000000
frame_id: ''",0,0,0.0,0.0,1.0,1.0,1.0,1.0,0,0,144.96231079101562,40.61704635620117,False,8.812999725341797
"seq: 796
stamp: 
  secs: 51
  nsecs: 389000000
frame_id: ''",0,0,0.0,0.0,1.0,1.0,1.0,1.0,0,0,144.96231079101562,40.61704635620117,False,8.868000030517578
"seq: 797
stamp: 
  secs: 51
  nsecs: 424000000
frame_id: ''",0,0,0.0,0.0,1.0,1.0,1.0,1.0,0,0,146.04115295410156,40.46031951904297,False,8.902999877929688
"seq: 798
stamp: 
  secs: 51
  nsecs: 464000000
frame_id: ''",0,0,0.0,0.0,1.0,1.0,1.0,1.0,0,0,146.04115295410156,40.46031951904297,False,8.942999839782715
"seq: 799
stamp: 
  secs: 51
  nsecs: 533000000
frame_id: ''",0,0,0.0,0.0,1.0,1.0,1.0,1.0,0,0,146.75181579589844,40.36479187011719,False,9.01200008392334
"seq: 800
stamp: 
  secs: 51
  nsecs: 599000000
frame_id: ''",0,0,0.0,0.0,1.0,1.0,1.0,1.0,0,0,146.75181579589844,40.36479187011719,False,9.07800006866455
"seq: 801
stamp: 
  secs: 51
  nsecs: 650000000
frame_id: ''",0,0,0.0,0.0,1.0,1.0,1.0,1.0,0,0,148.06544494628906,40.19974136352539,False,9.128999710083008
"seq: 802
stamp: 
  secs: 51
  nsecs: 709000000
frame_id: ''",0,0,0.0,0.0,1.0,1.0,1.0,1.0,0,0,148.50930786132812,40.15065383911133,False,9.187999725341797
"seq: 803
stamp: 
  secs: 51
  nsecs: 750000000
frame_id: ''",0,0,0.0,0.0,1.0,1.0,1.0,1.0,0,0,149.0974578857422,40.08298110961914,False,9.229000091552734
"seq: 804
stamp: 
  secs: 51
  nsecs: 782000000
frame_id: ''",0,0,0.0,0.0,1.0,1.0,1.0,1.0,0,0,149.0974578857422,40.08298110961914,False,9.26099967956543
"seq: 805
stamp: 
  secs: 51
  nsecs: 844000000
frame_id: ''",0,0,0.0,0.0,1.0,1.0,1.0,1.0,0,0,149.78562927246094,40.009883880615234,False,9.322999954223633
"seq: 806
stamp: 
  secs: 51
  nsecs: 899000000
frame_id: ''",0,0,0.0,0.0,1.0,1.0,1.0,1.0,0,0,150.4228973388672,39.949989318847656,False,9.378000259399414
"seq: 807
stamp: 
  secs: 51
  nsecs: 950000000
frame_id: ''",0,0,0.0,0.0,1.0,1.0,1.0,1.0,0,0,150.98121643066406,39.903663635253906,False,9.428999900817871
"seq: 808
stamp: 
  secs: 51
  nsecs: 999000000
frame_id: ''",0,0,0.0,0.0,1.0,1.0,1.0,1.0,0,0,150.98121643066406,39.903663635253906,False,9.477999687194824
"seq: 809
stamp: 
  secs: 52
  nsecs:  58000000
frame_id: ''",0,0,0.0,0.0,1.0,1.0,1.0,1.0,0,0,151.93923950195312,39.83613204956055,False,9.536999702453613
"seq: 810
stamp: 
  secs: 52
  nsecs: 125000000
frame_id: ''",0,0,0.0,0.0,1.0,1.0,1.0,1.0,0,0,152.56906127929688,39.79893493652344,False,9.604000091552734
"seq: 811
stamp: 
  secs: 52
  nsecs: 199000000
frame_id: ''",0,0,0.0,0.0,1.0,1.0,1.0,1.0,0,0,153.20777893066406,39.76387405395508,False,9.678000450134277
"seq: 812
stamp: 
  secs: 52
  nsecs: 258000000
frame_id: ''",0,0,0.0,0.0,1.0,1.0,1.0,1.0,0,0,153.91317749023438,39.72898864746094,False,9.737000465393066
"seq: 813
stamp: 
  secs: 52
  nsecs: 306000000
frame_id: ''",0,0,0.0,0.0,1.0,1.0,1.0,1.0,0,0,154.50308227539062,39.70143127441406,False,9.78499984741211
"seq: 814
stamp: 
  secs: 52
  nsecs: 380000000
frame_id: ''",0,0,0.0,0.0,1.0,1.0,1.0,1.0,0,0,154.95277404785156,39.679500579833984,False,9.859000205993652
"seq: 815
stamp: 
  secs: 52
  nsecs: 449000000
frame_id: ''",0,0,0.0,0.0,1.0,1.0,1.0,1.0,0,0,155.66845703125,39.64944839477539,False,9.928000450134277
"seq: 816
stamp: 
  secs: 52
  nsecs: 488000000
frame_id: ''",0,0,0.0,0.0,1.0,1.0,1.0,1.0,0,0,156.37826538085938,39.6270866394043,False,9.967000007629395
"seq: 817
stamp: 
  secs: 52
  nsecs: 542000000
frame_id: ''",0,0,0.0,0.0,1.0,1.0,1.0,1.0,0,0,156.77810668945312,39.61722183227539,False,10.020999908447266
"seq: 818
stamp: 
  secs: 52
  nsecs: 599000000
frame_id: ''",0,0,0.0,0.0,1.0,1.0,1.0,1.0,0,0,157.26808166503906,39.6077995300293,False,10.07800006866455
"seq: 819
stamp: 
  secs: 52
  nsecs: 649000000
frame_id: ''",0,0,0.0,0.0,1.0,1.0,1.0,1.0,0,0,157.82826232910156,39.601295471191406,False,10.128000259399414
"seq: 820
stamp: 
  secs: 52
  nsecs: 700000000
frame_id: ''",0,0,0.0,0.0,1.0,1.0,1.0,1.0,0,0,157.82826232910156,39.601295471191406,False,10.178999900817871
"seq: 821
stamp: 
  secs: 52
  nsecs: 751000000
frame_id: ''",0,0,0.0,0.0,1.0,1.0,1.0,1.0,0,0,158.8502197265625,39.599761962890625,False,10.229999542236328
"seq: 822
stamp: 
  secs: 52
  nsecs: 831000000
frame_id: ''",0,0,0.0,0.0,1.0,1.0,1.0,1.0,0,0,159.39051818847656,39.60603332519531,False,10.3100004196167
"seq: 823
stamp: 
  secs: 52
  nsecs: 883000000
frame_id: ''",0,0,0.0,0.0,1.0,1.0,1.0,1.0,0,0,160.11936950683594,39.62059020996094,False,10.362000465393066
"seq: 824
stamp: 
  secs: 52
  nsecs: 934000000
frame_id: ''",0,0,0.0,0.0,1.0,1.0,1.0,1.0,0,0,160.62847900390625,39.63142776489258,False,10.413000106811523
"seq: 825
stamp: 
  secs: 52
  nsecs: 978000000
frame_id: ''",0,0,0.0,0.0,1.0,1.0,1.0,1.0,0,0,161.10867309570312,39.642677307128906,False,10.456999778747559
"seq: 826
stamp: 
  secs: 53
  nsecs:  22000000
frame_id: ''",0,0,0.0,0.0,1.0,1.0,1.0,1.0,0,0,161.5777130126953,39.65810775756836,False,10.50100040435791
"seq: 827
stamp: 
  secs: 53
  nsecs:  95000000
frame_id: ''",0,0,0.0,0.0,1.0,1.0,1.0,1.0,0,0,161.98635864257812,39.675445556640625,False,10.574000358581543
"seq: 828
stamp: 
  secs: 53
  nsecs: 163000000
frame_id: ''",0,0,0.0,0.0,1.0,1.0,1.0,1.0,0,0,162.6907501220703,39.71338653564453,False,10.642000198364258
"seq: 829
stamp: 
  secs: 53
  nsecs: 239000000
frame_id: ''",0,0,0.0,0.0,1.0,1.0,1.0,1.0,0,0,163.40914916992188,39.766815185546875,False,10.718000411987305
"seq: 830
stamp: 
  secs: 53
  nsecs: 290000000
frame_id: ''",0,0,0.0,0.0,1.0,1.0,1.0,1.0,0,0,164.12661743164062,39.83494186401367,False,10.769000053405762
"seq: 831
stamp: 
  secs: 53
  nsecs: 354000000
frame_id: ''",0,0,0.0,0.0,1.0,1.0,1.0,1.0,0,0,164.6338348388672,39.891258239746094,False,10.833000183105469
"seq: 832
stamp: 
  secs: 53
  nsecs: 406000000
frame_id: ''",0,0,0.0,0.0,1.0,1.0,1.0,1.0,0,0,165.2661590576172,39.96965789794922,False,10.885000228881836
"seq: 833
stamp: 
  secs: 53
  nsecs: 459000000
frame_id: ''",0,0,0.0,0.0,1.0,1.0,1.0,1.0,0,0,165.79505920410156,40.041568756103516,False,10.937999725341797
"seq: 834
stamp: 
  secs: 53
  nsecs: 524000000
frame_id: ''",0,0,0.0,0.0,1.0,1.0,1.0,1.0,0,0,166.24884033203125,40.10506057739258,False,11.003000259399414
"seq: 835
stamp: 
  secs: 53
  nsecs: 578000000
frame_id: ''",0,0,0.0,0.0,1.0,1.0,1.0,1.0,0,0,166.8565216064453,40.1926155090332,False,11.057000160217285
"seq: 836
stamp: 
  secs: 53
  nsecs: 625000000
frame_id: ''",0,0,0.0,0.0,1.0,1.0,1.0,1.0,0,0,166.8565216064453,40.1926155090332,False,11.104000091552734
"seq: 837
stamp: 
  secs: 53
  nsecs: 699000000
frame_id: ''",0,0,0.0,0.0,1.0,1.0,1.0,1.0,0,0,167.8844757080078,40.361671447753906,False,11.178000450134277
"seq: 838
stamp: 
  secs: 53
  nsecs: 750000000
frame_id: ''",0,0,0.0,0.0,1.0,1.0,1.0,1.0,0,0,168.55596923828125,40.487586975097656,False,11.229000091552734
"seq: 839
stamp: 
  secs: 53
  nsecs: 800000000
frame_id: ''",0,0,0.0,0.0,1.0,1.0,1.0,1.0,0,0,168.55596923828125,40.487586975097656,False,11.279000282287598
"seq: 840
stamp: 
  secs: 53
  nsecs: 871000000
frame_id: ''",0,0,0.0,0.0,1.0,1.0,1.0,1.0,0,0,169.59474182128906,40.71109390258789,False,11.350000381469727
"seq: 841
stamp: 
  secs: 53
  nsecs: 908000000
frame_id: ''",0,0,0.0,0.0,1.0,1.0,1.0,1.0,0,0,170.25611877441406,40.869728088378906,False,11.38700008392334
"seq: 842
stamp: 
  secs: 53
  nsecs: 950000000
frame_id: ''",0,0,0.0,0.0,1.0,1.0,1.0,1.0,0,0,170.64266967773438,40.96914291381836,False,11.428999900817871
"seq: 843
stamp: 
  secs: 54
  nsecs:   4000000
frame_id: ''",0,0,0.0,0.0,1.0,1.0,1.0,1.0,0,0,171.0336151123047,41.074607849121094,False,11.482999801635742
"seq: 844
stamp: 
  secs: 54
  nsecs:  50000000
frame_id: ''",0,0,0.0,0.0,1.0,1.0,1.0,1.0,0,0,171.53704833984375,41.216026306152344,False,11.529000282287598
"seq: 845
stamp: 
  secs: 54
  nsecs:  99000000
frame_id: ''",0,0,0.0,0.0,1.0,1.0,1.0,1.0,0,0,171.89161682128906,41.31618118286133,False,11.57800006866455
"seq: 846
stamp: 
  secs: 54
  nsecs: 144000000
frame_id: ''",0,0,0.0,0.0,1.0,1.0,1.0,1.0,0,0,172.39346313476562,41.46149444580078,False,11.623000144958496
"seq: 847
stamp: 
  secs: 54
  nsecs: 175000000
frame_id: ''",0,0,0.0,0.0,1.0,1.0,1.0,1.0,0,0,172.39346313476562,41.46149444580078,False,11.654000282287598
"seq: 848
stamp: 
  secs: 54
  nsecs: 225000000
frame_id: ''",0,0,0.0,0.0,1.0,1.0,1.0,1.0,0,0,173.1024169921875,41.68081283569336,False,11.704000473022461
"seq: 849
stamp: 
  secs: 54
  nsecs: 284000000
frame_id: ''",0,0,0.0,0.0,1.0,1.0,1.0,1.0,0,0,173.1024169921875,41.68081283569336,False,11.762999534606934
"seq: 850
stamp: 
  secs: 54
  nsecs: 338000000
frame_id: ''",0,0,0.0,0.0,1.0,1.0,1.0,1.0,0,0,174.16387939453125,42.042022705078125,False,11.817000389099121
"seq: 851
stamp: 
  secs: 54
  nsecs: 400000000
frame_id: ''",0,0,0.0,0.0,1.0,1.0,1.0,1.0,0,0,174.6709442138672,42.22953414916992,False,11.878999710083008
"seq: 852
stamp: 
  secs: 54
  nsecs: 464000000
frame_id: ''",0,0,0.0,0.0,1.0,1.0,1.0,1.0,0,0,175.2119903564453,42.440147399902344,False,11.942999839782715
"seq: 853
stamp: 
  secs: 54
  nsecs: 500000000
frame_id: ''",0,0,0.0,0.0,1.0,1.0,1.0,1.0,0,0,175.80389404296875,42.68306350708008,False,11.979000091552734
"seq: 854
stamp: 
  secs: 54
  nsecs: 532000000
frame_id: ''",0,0,0.0,0.0,1.0,1.0,1.0,1.0,0,0,176.1602783203125,42.83521270751953,False,12.01099967956543
"seq: 855
stamp: 
  secs: 54
  nsecs: 577000000
frame_id: ''",0,0,0.0,0.0,1.0,1.0,1.0,1.0,0,0,176.45285034179688,42.962890625,False,12.055999755859375
"seq: 856
stamp: 
  secs: 54
  nsecs: 613000000
frame_id: ''",0,0,0.0,0.0,1.0,1.0,1.0,1.0,0,3,176.7869873046875,43.11249923706055,False,12.092000007629395
"seq: 857
stamp: 
  secs: 54
  nsecs: 650000000
frame_id: ''",0,0,0.0,0.0,1.0,1.0,1.0,1.0,0,2,177.11865234375,43.26087188720703,False,12.128999710083008
"seq: 858
stamp: 
  secs: 54
  nsecs: 695000000
frame_id: ''",0,0,0.0,0.0,1.0,1.0,1.0,1.0,0,2,177.11865234375,43.26087188720703,False,12.173999786376953
"seq: 859
stamp: 
  secs: 54
  nsecs: 749000000
frame_id: ''",0,0,0.0,0.0,1.0,1.0,1.0,1.0,0,2,177.84458923339844,43.595359802246094,False,12.227999687194824
"seq: 860
stamp: 
  secs: 54
  nsecs: 798000000
frame_id: ''",0,0,0.0,0.0,1.0,1.0,1.0,1.0,0,2,177.84458923339844,43.595359802246094,False,12.277000427246094
"seq: 861
stamp: 
  secs: 54
  nsecs: 850000000
frame_id: ''",0,0,0.0,0.0,1.0,1.0,1.0,1.0,0,4,178.7812957763672,44.051063537597656,False,12.329000473022461
"seq: 862
stamp: 
  secs: 54
  nsecs: 919000000
frame_id: ''",0,0,0.0,0.0,1.0,1.0,1.0,1.0,0,4,178.7812957763672,44.051063537597656,False,12.39799976348877
"seq: 863
stamp: 
  secs: 54
  nsecs: 974000000
frame_id: ''",0,0,0.0,0.0,1.0,1.0,1.0,1.0,0,2,179.84591674804688,44.60438919067383,False,12.45300006866455
"seq: 864
stamp: 
  secs: 55
  nsecs:  31000000
frame_id: ''",0,0,0.0,0.0,1.0,1.0,1.0,1.0,0,2,179.84591674804688,44.60438919067383,False,12.510000228881836
"seq: 865
stamp: 
  secs: 55
  nsecs:  76000000
frame_id: ''",0,0,0.0,0.0,1.0,1.0,1.0,1.0,0,4,180.8376007080078,45.146141052246094,False,12.555000305175781
"seq: 866
stamp: 
  secs: 55
  nsecs: 134000000
frame_id: ''",0,0,0.0,0.0,1.0,1.0,1.0,1.0,0,4,180.8376007080078,45.146141052246094,False,12.61299991607666
"seq: 867
stamp: 
  secs: 55
  nsecs: 203000000
frame_id: ''",0,0,0.0,0.0,1.0,1.0,1.0,1.0,0,2,181.70565795898438,45.64155578613281,False,12.682000160217285
"seq: 868
stamp: 
  secs: 55
  nsecs: 249000000
frame_id: ''",0,0,0.0,0.0,1.0,1.0,1.0,1.0,0,1,182.21360778808594,45.93806076049805,False,12.727999687194824
"seq: 869
stamp: 
  secs: 55
  nsecs: 301000000
frame_id: ''",0,0,0.0,0.0,1.0,1.0,1.0,1.0,0,3,182.61392211914062,46.17348861694336,False,12.779999732971191
"seq: 870
stamp: 
  secs: 55
  nsecs: 353000000
frame_id: ''",0,0,0.0,0.0,1.0,1.0,1.0,1.0,0,3,182.61392211914062,46.17348861694336,False,12.831999778747559
"seq: 871
stamp: 
  secs: 55
  nsecs: 404000000
frame_id: ''",0,0,0.0,0.0,1.0,1.0,1.0,1.0,0,1,183.50445556640625,46.710975646972656,False,12.883000373840332
"seq: 872
stamp: 
  secs: 55
  nsecs: 450000000
frame_id: ''",0,0,0.0,0.0,1.0,1.0,1.0,1.0,0,1,183.50445556640625,46.710975646972656,False,12.928999900817871
"seq: 873
stamp: 
  secs: 55
  nsecs: 496000000
frame_id: ''",0,0,0.0,0.0,1.0,1.0,1.0,1.0,0,0,184.33750915527344,47.22718811035156,False,12.975000381469727
"seq: 874
stamp: 
  secs: 55
  nsecs: 545000000
frame_id: ''",0,0,0.0,0.0,1.0,1.0,1.0,1.0,0,0,184.7351531982422,47.47800064086914,False,13.02400016784668
"seq: 875
stamp: 
  secs: 55
  nsecs: 605000000
frame_id: ''",0,0,0.0,0.0,1.0,1.0,1.0,1.0,0,0,185.1475830078125,47.74141311645508,False,13.083999633789062
"seq: 876
stamp: 
  secs: 55
  nsecs: 654000000
frame_id: ''",0,0,0.0,0.0,1.0,1.0,1.0,1.0,0,0,185.1475830078125,47.74141311645508,False,13.133000373840332
"seq: 877
stamp: 
  secs: 55
  nsecs: 699000000
frame_id: ''",0,0,0.0,0.0,1.0,1.0,1.0,1.0,0,0,186.01683044433594,48.31195831298828,False,13.178000450134277
"seq: 878
stamp: 
  secs: 55
  nsecs: 732000000
frame_id: ''",0,0,0.0,0.0,1.0,1.0,1.0,1.0,0,0,186.4123077392578,48.57697677612305,False,13.211000442504883
"seq: 879
stamp: 
  secs: 55
  nsecs: 778000000
frame_id: ''",0,0,0.0,0.0,1.0,1.0,1.0,1.0,0,0,186.4123077392578,48.57697677612305,False,13.256999969482422
"seq: 880
stamp: 
  secs: 55
  nsecs: 834000000
frame_id: ''",0,0,0.0,0.0,1.0,1.0,1.0,1.0,0,0,187.0360107421875,48.99870300292969,False,13.312999725341797
"seq: 881
stamp: 
  secs: 55
  nsecs: 888000000
frame_id: ''",0,0,0.0,0.0,1.0,1.0,1.0,1.0,0,0,187.4683837890625,49.29079055786133,False,13.366999626159668
"seq: 882
stamp: 
  secs: 55
  nsecs: 932000000
frame_id: ''",0,0,0.0,0.0,1.0,1.0,1.0,1.0,0,0,187.9163055419922,49.59426498413086,False,13.41100025177002
"seq: 883
stamp: 
  secs: 56
  nsecs:   1000000
frame_id: ''",0,0,0.0,0.0,1.0,1.0,1.0,1.0,0,0,188.26327514648438,49.8316535949707,False,13.479999542236328
"seq: 884
stamp: 
  secs: 56
  nsecs:  63000000
frame_id: ''",0,0,0.0,0.0,1.0,1.0,1.0,1.0,0,0,188.83985900878906,50.228389739990234,False,13.541999816894531
"seq: 885
stamp: 
  secs: 56
  nsecs: 125000000
frame_id: ''",0,0,0.0,0.0,1.0,1.0,1.0,1.0,0,0,188.83985900878906,50.228389739990234,False,13.604000091552734
"seq: 886
stamp: 
  secs: 56
  nsecs: 185000000
frame_id: ''",0,0,0.0,0.0,1.0,1.0,1.0,1.0,0,0,189.83908081054688,50.926361083984375,False,13.663999557495117
"seq: 887
stamp: 
  secs: 56
  nsecs: 259000000
frame_id: ''",0,0,0.0,0.0,1.0,1.0,1.0,1.0,0,0,190.32186889648438,51.26509094238281,False,13.73799991607666
"seq: 888
stamp: 
  secs: 56
  nsecs: 327000000
frame_id: ''",0,0,0.0,0.0,1.0,1.0,1.0,1.0,0,0,190.9584197998047,51.71491622924805,False,13.805999755859375
"seq: 889
stamp: 
  secs: 56
  nsecs: 377000000
frame_id: ''",0,0,0.0,0.0,1.0,1.0,1.0,1.0,0,0,191.49197387695312,52.09504699707031,False,13.855999946594238
"seq: 890
stamp: 
  secs: 56
  nsecs: 429000000
frame_id: ''",0,0,0.0,0.0,1.0,1.0,1.0,1.0,0,0,191.49197387695312,52.09504699707031,False,13.907999992370605
"seq: 891
stamp: 
  secs: 56
  nsecs: 477000000
frame_id: ''",0,0,0.0,0.0,1.0,1.0,1.0,1.0,0,0,192.2975311279297,52.668209075927734,False,13.956000328063965
"seq: 892
stamp: 
  secs: 56
  nsecs: 527000000
frame_id: ''",0,0,0.0,0.0,1.0,1.0,1.0,1.0,0,0,192.6760711669922,52.934425354003906,False,14.005999565124512
"seq: 893
stamp: 
  secs: 56
  nsecs: 591000000
frame_id: ''",0,0,0.0,0.0,1.0,1.0,1.0,1.0,0,0,193.0739288330078,53.215797424316406,False,14.069999694824219
"seq: 894
stamp: 
  secs: 56
  nsecs: 631000000
frame_id: ''",0,0,0.0,0.0,1.0,1.0,1.0,1.0,0,0,193.59425354003906,53.587303161621094,False,14.109999656677246
"seq: 895
stamp: 
  secs: 56
  nsecs: 696000000
frame_id: ''",0,0,0.0,0.0,1.0,1.0,1.0,1.0,0,0,193.91891479492188,53.82058334350586,False,14.175000190734863
"seq: 896
stamp: 
  secs: 56
  nsecs: 727000000
frame_id: ''",0,0,0.0,0.0,1.0,1.0,1.0,1.0,0,0,194.4375762939453,54.19504928588867,False,14.206000328063965
"seq: 897
stamp: 
  secs: 56
  nsecs: 782000000
frame_id: ''",0,0,0.0,0.0,1.0,1.0,1.0,1.0,0,0,194.69677734375,54.38241195678711,False,14.26099967956543
"seq: 898
stamp: 
  secs: 56
  nsecs: 839000000
frame_id: ''",0,0,0.0,0.0,1.0,1.0,1.0,1.0,0,0,195.15029907226562,54.710548400878906,False,14.317999839782715
"seq: 899
stamp: 
  secs: 56
  nsecs: 884000000
frame_id: ''",0,0,0.0,0.0,1.0,1.0,1.0,1.0,0,0,195.6112518310547,55.04551696777344,False,14.36299991607666
"seq: 900
stamp: 
  secs: 56
  nsecs: 929000000
frame_id: ''",0,0,0.0,0.0,1.0,1.0,1.0,1.0,0,0,195.97314453125,55.30946731567383,False,14.407999992370605
"seq: 901
stamp: 
  secs: 57
  nsecs:   1000000
frame_id: ''",0,0,0.0,0.0,1.0,1.0,1.0,1.0,0,0,196.2869873046875,55.53894805908203,False,14.479999542236328
"seq: 902
stamp: 
  secs: 57
  nsecs:  51000000
frame_id: ''",0,0,0.0,0.0,1.0,1.0,1.0,1.0,0,0,196.8103485107422,55.92091369628906,False,14.529999732971191
"seq: 903
stamp: 
  secs: 57
  nsecs: 101000000
frame_id: ''",0,0,0.0,0.0,1.0,1.0,1.0,1.0,0,0,196.8103485107422,55.92091369628906,False,14.579999923706055
"seq: 904
stamp: 
  secs: 57
  nsecs: 142000000
frame_id: ''",0,0,0.0,0.0,1.0,1.0,1.0,1.0,0,0,197.57794189453125,56.46626281738281,False,14.621000289916992
"seq: 905
stamp: 
  secs: 57
  nsecs: 184000000
frame_id: ''",0,0,0.0,0.0,1.0,1.0,1.0,1.0,0,0,197.91236877441406,56.7020263671875,False,14.663000106811523
"seq: 906
stamp: 
  secs: 57
  nsecs: 219000000
frame_id: ''",0,0,0.0,0.0,1.0,1.0,1.0,1.0,0,0,198.23643493652344,56.9322624206543,False,14.697999954223633
"seq: 907
stamp: 
  secs: 57
  nsecs: 254000000
frame_id: ''",0,0,0.0,0.0,1.0,1.0,1.0,1.0,0,0,198.5380859375,57.147953033447266,False,14.732999801635742
"seq: 908
stamp: 
  secs: 57
  nsecs: 326000000
frame_id: ''",0,0,0.0,0.0,1.0,1.0,1.0,1.0,0,0,198.5380859375,57.147953033447266,False,14.805000305175781
"seq: 909
stamp: 
  secs: 57
  nsecs: 373000000
frame_id: ''",0,0,0.0,0.0,1.0,1.0,1.0,1.0,0,0,199.37908935546875,57.758277893066406,False,14.85200023651123
"seq: 910
stamp: 
  secs: 57
  nsecs: 427000000
frame_id: ''",0,0,0.0,0.0,1.0,1.0,1.0,1.0,0,0,199.37908935546875,57.758277893066406,False,14.906000137329102
"seq: 911
stamp: 
  secs: 57
  nsecs: 474000000
frame_id: ''",0,0,0.0,0.0,1.0,1.0,1.0,1.0,0,0,200.169677734375,58.35117721557617,False,14.95300006866455
"seq: 912
stamp: 
  secs: 57
  nsecs: 505000000
frame_id: ''",0,0,0.0,0.0,1.0,1.0,1.0,1.0,0,0,200.51405334472656,58.616085052490234,False,14.984000205993652
"seq: 913
stamp: 
  secs: 57
  nsecs: 575000000
frame_id: ''",0,0,0.0,0.0,1.0,1.0,1.0,1.0,0,0,200.74574279785156,58.796688079833984,False,15.053999900817871
"seq: 914
stamp: 
  secs: 57
  nsecs: 636000000
frame_id: ''",0,0,0.0,0.0,1.0,1.0,1.0,1.0,0,0,201.25552368164062,59.200199127197266,False,15.114999771118164
"seq: 915
stamp: 
  secs: 57
  nsecs: 701000000
frame_id: ''",0,0,0.0,0.0,1.0,1.0,1.0,1.0,0,0,201.7303924560547,59.583168029785156,False,15.180000305175781
"seq: 916
stamp: 
  secs: 57
  nsecs: 752000000
frame_id: ''",0,0,0.0,0.0,1.0,1.0,1.0,1.0,0,0,202.18716430664062,59.95269775390625,False,15.230999946594238
"seq: 917
stamp: 
  secs: 57
  nsecs: 798000000
frame_id: ''",0,0,0.0,0.0,1.0,1.0,1.0,1.0,0,0,202.18716430664062,59.95269775390625,False,15.277000427246094
"seq: 918
stamp: 
  secs: 57
  nsecs: 860000000
frame_id: ''",0,0,0.0,0.0,1.0,1.0,1.0,1.0,0,0,202.9619140625,60.593597412109375,False,15.33899974822998
"seq: 919
stamp: 
  secs: 57
  nsecs: 916000000
frame_id: ''",0,0,0.0,0.0,1.0,1.0,1.0,1.0,0,0,202.9619140625,60.593597412109375,False,15.395000457763672
"seq: 920
stamp: 
  secs: 57
  nsecs: 987000000
frame_id: ''",0,0,0.0,0.0,1.0,1.0,1.0,1.0,0,0,203.82144165039062,61.33556365966797,False,15.465999603271484
"seq: 921
stamp: 
  secs: 58
  nsecs:  52000000
frame_id: ''",0,0,0.0,0.0,1.0,1.0,1.0,1.0,0,0,203.82144165039062,61.33556365966797,False,15.531000137329102
"seq: 922
stamp: 
  secs: 58
  nsecs: 119000000
frame_id: ''",0,0,0.0,0.0,1.0,1.0,1.0,1.0,0,0,204.78103637695312,62.200828552246094,False,15.597999572753906
"seq: 923
stamp: 
  secs: 58
  nsecs: 177000000
frame_id: ''",0,0,0.0,0.0,1.0,1.0,1.0,1.0,0,0,205.21043395996094,62.602596282958984,False,15.656000137329102
"seq: 924
stamp: 
  secs: 58
  nsecs: 226000000
frame_id: ''",0,0,0.0,0.0,1.0,1.0,1.0,1.0,0,0,205.57398986816406,62.95206069946289,False,15.704999923706055
"seq: 925
stamp: 
  secs: 58
  nsecs: 276000000
frame_id: ''",0,0,0.0,0.0,1.0,1.0,1.0,1.0,0,0,205.92723083496094,63.29951858520508,False,15.755000114440918
"seq: 926
stamp: 
  secs: 58
  nsecs: 340000000
frame_id: ''",0,0,0.0,0.0,1.0,1.0,1.0,1.0,0,0,206.2403106689453,63.60957717895508,False,15.819000244140625
"seq: 927
stamp: 
  secs: 58
  nsecs: 402000000
frame_id: ''",0,0,0.0,0.0,1.0,1.0,1.0,1.0,0,0,206.67283630371094,64.03739929199219,False,15.880999565124512
"seq: 928
stamp: 
  secs: 58
  nsecs: 454000000
frame_id: ''",0,0,0.0,0.0,1.0,1.0,1.0,1.0,0,0,207.0685272216797,64.43701171875,False,15.932999610900879
"seq: 929
stamp: 
  secs: 58
  nsecs: 522000000
frame_id: ''",0,0,0.0,0.0,1.0,1.0,1.0,1.0,0,0,207.42149353027344,64.80328369140625,False,16.000999450683594
"seq: 930
stamp: 
  secs: 58
  nsecs: 595000000
frame_id: ''",0,0,0.0,0.0,1.0,1.0,1.0,1.0,0,0,207.83132934570312,65.23958587646484,False,16.073999404907227
"seq: 931
stamp: 
  secs: 58
  nsecs: 652000000
frame_id: ''",0,0,0.0,0.0,1.0,1.0,1.0,1.0,0,5,208.26010131835938,65.70623779296875,False,16.131000518798828
"seq: 932
stamp: 
  secs: 58
  nsecs: 717000000
frame_id: ''",0,0,0.0,0.0,1.0,1.0,1.0,1.0,0,5,208.26010131835938,65.70623779296875,False,16.195999145507812
"seq: 933
stamp: 
  secs: 58
  nsecs: 768000000
frame_id: ''",0,0,0.0,0.0,1.0,1.0,1.0,1.0,0,5,208.92942810058594,66.45455932617188,False,16.246999740600586
"seq: 934
stamp: 
  secs: 58
  nsecs: 823000000
frame_id: ''",0,0,0.0,0.0,1.0,1.0,1.0,1.0,0,12,209.24334716796875,66.81597137451172,False,16.302000045776367
"seq: 935
stamp: 
  secs: 58
  nsecs: 882000000
frame_id: ''",0,0,0.0,0.0,1.0,1.0,1.0,1.0,0,10,209.54782104492188,67.1724853515625,False,16.361000061035156
"seq: 936
stamp: 
  secs: 58
  nsecs: 931000000
frame_id: ''",0,0,0.0,0.0,1.0,1.0,1.0,1.0,0,10,209.8218536376953,67.4985122680664,False,16.40999984741211
"seq: 937
stamp: 
  secs: 59
  nsecs:   2000000
frame_id: ''",0,0,0.0,0.0,1.0,1.0,1.0,1.0,0,22,210.05369567871094,67.77694702148438,False,16.481000900268555
"seq: 938
stamp: 
  secs: 59
  nsecs:  74000000
frame_id: ''",0,0,0.0,0.0,1.0,1.0,1.0,1.0,0,22,210.05369567871094,67.77694702148438,False,16.55299949645996
"seq: 939
stamp: 
  secs: 59
  nsecs: 126000000
frame_id: ''",0,0,0.0,0.0,1.0,1.0,1.0,1.0,0,18,210.90330505371094,68.76696014404297,False,16.604999542236328
"seq: 940
stamp: 
  secs: 59
  nsecs: 186000000
frame_id: ''",0,0,0.0,0.0,1.0,1.0,1.0,1.0,0,18,210.90330505371094,68.76696014404297,False,16.665000915527344
"seq: 941
stamp: 
  secs: 59
  nsecs: 231000000
frame_id: ''",0,0,0.0,0.0,1.0,1.0,1.0,1.0,0,27,211.43954467773438,69.4015884399414,False,16.709999084472656
"seq: 942
stamp: 
  secs: 59
  nsecs: 302000000
frame_id: ''",0,0,0.0,0.0,1.0,1.0,1.0,1.0,0,27,211.63519287109375,69.63945007324219,False,16.7810001373291
"seq: 943
stamp: 
  secs: 59
  nsecs: 368000000
frame_id: ''",0,0,0.0,0.0,1.0,1.0,1.0,1.0,0,27,211.90989685058594,69.98017120361328,False,16.847000122070312
"seq: 944
stamp: 
  secs: 59
  nsecs: 421000000
frame_id: ''",0,1,0.0,0.0,1.0,0.9846153855323792,1.0,0.9846153855323792,0,36,212.2323760986328,70.3897933959961,False,16.899999618530273
"seq: 945
stamp: 
  secs: 59
  nsecs: 492000000
frame_id: ''",0,1,0.0,0.0,1.0,0.9846153855323792,1.0,0.9846153855323792,0,36,212.47543334960938,70.70569610595703,False,16.97100067138672
"seq: 946
stamp: 
  secs: 59
  nsecs: 527000000
frame_id: ''",0,1,0.0,0.10599999874830246,1.0,0.9846153855323792,1.0,1.0,0,24,212.83399963378906,71.18292999267578,False,17.006000518798828
"seq: 947
stamp: 
  secs: 59
  nsecs: 565000000
frame_id: ''",0,1,0.0,0.10599999874830246,1.0,0.9846153855323792,1.0,1.0,0,24,212.83399963378906,71.18292999267578,False,17.04400062561035
"seq: 948
stamp: 
  secs: 59
  nsecs: 605000000
frame_id: ''",0,2,0.0,0.10599999874830246,1.0,0.9589743614196777,1.0,0.9076923131942749,0,41,213.2525177001953,71.73574829101562,False,17.083999633789062
"seq: 949
stamp: 
  secs: 59
  nsecs: 640000000
frame_id: ''",0,2,0.0,0.14100000262260437,1.0,0.9589743614196777,1.0,1.0,0,27,213.49905395507812,72.05005645751953,False,17.118999481201172
"seq: 950
stamp: 
  secs: 59
  nsecs: 677000000
frame_id: ''",0,2,0.0,0.14100000262260437,1.0,0.9589743614196777,1.0,1.0,0,27,213.69778442382812,72.29747772216797,False,17.1560001373291
"seq: 951
stamp: 
  secs: 59
  nsecs: 709000000
frame_id: ''",0,2,0.0,0.14100000262260437,1.0,0.9589743614196777,1.0,1.0,0,27,213.94686889648438,72.60004425048828,False,17.187999725341797
"seq: 952
stamp: 
  secs: 59
  nsecs: 748000000
frame_id: ''",0,3,0.0,0.14100000262260437,1.0,0.9461538195610046,1.0,0.9076923131942749,0,41,214.1507110595703,72.84110260009766,False,17.226999282836914
"seq: 953
stamp: 
  secs: 59
  nsecs: 824000000
frame_id: ''",0,3,0.0,0.21699999272823334,1.0,0.9461538195610046,1.0,1.0,0,24,214.41224670410156,73.14285278320312,False,17.30299949645996
"seq: 954
stamp: 
  secs: 59
  nsecs: 877000000
frame_id: ''",0,3,0.0,0.21699999272823334,1.0,0.9461538195610046,1.0,1.0,0,24,214.892333984375,73.67740631103516,False,17.356000900268555
"seq: 955
stamp: 
  secs: 59
  nsecs: 927000000
frame_id: ''",0,3,0.0,0.21699999272823334,1.0,0.9461538195610046,1.0,1.0,0,20,215.27395629882812,74.08547973632812,False,17.4060001373291
"seq: 956
stamp: 
  secs: 60
  nsecs:   7000000
frame_id: ''",0,3,0.0,0.21699999272823334,1.0,0.9461538195610046,1.0,1.0,0,20,215.60589599609375,74.42911529541016,False,17.486000061035156
"seq: 957
stamp: 
  secs: 60
  nsecs:  76000000
frame_id: ''",0,3,0.0,0.21699999272823334,1.0,0.9461538195610046,1.0,1.0,0,27,216.1739959716797,74.99540710449219,False,17.55500030517578
"seq: 958
stamp: 
  secs: 60
  nsecs: 149000000
frame_id: ''",0,3,0.0,0.21699999272823334,1.0,0.9461538195610046,1.0,1.0,0,14,216.62611389160156,75.43098449707031,False,17.628000259399414
"seq: 959
stamp: 
  secs: 60
  nsecs: 199000000
frame_id: ''",0,3,0.0,0.21699999272823334,1.0,0.9461538195610046,1.0,1.0,0,18,217.20594787597656,75.96549224853516,False,17.67799949645996
"seq: 960
stamp: 
  secs: 60
  nsecs: 250000000
frame_id: ''",0,3,0.0,0.21699999272823334,1.0,0.9461538195610046,1.0,1.0,0,8,217.49769592285156,76.2281723022461,False,17.729000091552734
"seq: 961
stamp: 
  secs: 60
  nsecs: 326000000
frame_id: ''",0,3,0.0,0.21699999272823334,1.0,0.9461538195610046,1.0,1.0,0,8,217.49769592285156,76.2281723022461,False,17.80500030517578
"seq: 962
stamp: 
  secs: 60
  nsecs: 376000000
frame_id: ''",0,3,0.0,0.21699999272823334,1.0,0.9461538195610046,1.0,1.0,0,10,218.24452209472656,76.89818572998047,False,17.854999542236328
"seq: 963
stamp: 
  secs: 60
  nsecs: 411000000
frame_id: ''",0,3,0.0,0.21699999272823334,1.0,0.9461538195610046,1.0,1.0,0,4,218.6434783935547,77.25240325927734,False,17.889999389648438
"seq: 964
stamp: 
  secs: 60
  nsecs: 445000000
frame_id: ''",0,3,0.0,0.21699999272823334,1.0,0.9461538195610046,1.0,1.0,0,4,218.8986358642578,77.47206115722656,False,17.923999786376953
"seq: 965
stamp: 
  secs: 60
  nsecs: 508000000
frame_id: ''",0,3,0.0,0.21699999272823334,1.0,0.9461538195610046,1.0,1.0,0,4,218.8986358642578,77.47206115722656,False,17.98699951171875
"seq: 966
stamp: 
  secs: 60
  nsecs: 552000000
frame_id: ''",0,3,0.0,0.21699999272823334,1.0,0.9461538195610046,1.0,1.0,0,0,219.5775146484375,78.03511810302734,False,18.0310001373291
"seq: 967
stamp: 
  secs: 60
  nsecs: 623000000
frame_id: ''",0,3,0.0,0.21699999272823334,1.0,0.9461538195610046,1.0,1.0,0,0,219.5775146484375,78.03511810302734,False,18.101999282836914
"seq: 968
stamp: 
  secs: 60
  nsecs: 699000000
frame_id: ''",0,3,0.0,0.21699999272823334,1.0,0.9461538195610046,1.0,1.0,0,0,220.30259704589844,78.61577606201172,False,18.17799949645996
"seq: 969
stamp: 
  secs: 60
  nsecs: 746000000
frame_id: ''",0,3,0.0,0.21699999272823334,1.0,0.9461538195610046,1.0,1.0,0,0,220.7444305419922,78.95648193359375,False,18.225000381469727
"seq: 970
stamp: 
  secs: 60
  nsecs: 777000000
frame_id: ''",0,3,0.0,0.21699999272823334,1.0,0.9461538195610046,1.0,1.0,0,0,221.02308654785156,79.16462707519531,False,18.256000518798828
"seq: 971
stamp: 
  secs: 60
  nsecs: 841000000
frame_id: ''",0,3,0.0,0.21699999272823334,1.0,0.9461538195610046,1.0,1.0,0,0,221.260498046875,79.33656311035156,False,18.31999969482422
"seq: 972
stamp: 
  secs: 60
  nsecs: 894000000
frame_id: ''",0,3,0.0,0.21699999272823334,1.0,0.9461538195610046,1.0,1.0,0,0,221.5619659423828,79.5479736328125,False,18.37299919128418
"seq: 973
stamp: 
  secs: 60
  nsecs: 924000000
frame_id: ''",0,3,0.0,0.21699999272823334,1.0,0.9461538195610046,1.0,1.0,0,0,221.8612823486328,79.75035858154297,False,18.402999877929688
"seq: 974
stamp: 
  secs: 60
  nsecs: 960000000
frame_id: ''",0,3,0.0,0.21699999272823334,1.0,0.9461538195610046,1.0,1.0,0,0,221.8612823486328,79.75035858154297,False,18.43899917602539
"seq: 975
stamp: 
  secs: 61
  nsecs:   1000000
frame_id: ''",0,3,0.0,0.21699999272823334,1.0,0.9461538195610046,1.0,1.0,0,0,222.22720336914062,79.9880142211914,False,18.479999542236328
"seq: 976
stamp: 
  secs: 61
  nsecs:  51000000
frame_id: ''",0,3,0.0,0.21699999272823334,1.0,0.9461538195610046,1.0,1.0,0,0,222.45835876464844,80.1327896118164,False,18.530000686645508
"seq: 977
stamp: 
  secs: 61
  nsecs: 101000000
frame_id: ''",0,3,0.0,0.21699999272823334,1.0,0.9461538195610046,1.0,1.0,0,0,222.74986267089844,80.30961608886719,False,18.579999923706055
"seq: 978
stamp: 
  secs: 61
  nsecs: 133000000
frame_id: ''",0,3,0.0,0.21699999272823334,1.0,0.9461538195610046,1.0,1.0,0,0,223.0207061767578,80.46835327148438,False,18.61199951171875
"seq: 979
stamp: 
  secs: 61
  nsecs: 161000000
frame_id: ''",0,3,0.0,0.21699999272823334,1.0,0.9461538195610046,1.0,1.0,0,0,223.0207061767578,80.46835327148438,False,18.639999389648438
"seq: 980
stamp: 
  secs: 61
  nsecs: 212000000
frame_id: ''",0,3,0.0,0.21699999272823334,1.0,0.9461538195610046,1.0,1.0,0,0,223.3541259765625,80.65638732910156,False,18.69099998474121
"seq: 981
stamp: 
  secs: 61
  nsecs: 251000000
frame_id: ''",0,3,0.0,0.21699999272823334,1.0,0.9461538195610046,1.0,1.0,0,0,223.59751892089844,80.7880630493164,False,18.729999542236328
"seq: 982
stamp: 
  secs: 61
  nsecs: 302000000
frame_id: ''",0,3,0.0,0.21699999272823334,1.0,0.9461538195610046,1.0,1.0,0,0,223.79873657226562,80.89329528808594,False,18.7810001373291
"seq: 983
stamp: 
  secs: 61
  nsecs: 362000000
frame_id: ''",0,3,0.0,0.21699999272823334,1.0,0.9461538195610046,1.0,1.0,0,0,224.02310180664062,81.0069580078125,False,18.840999603271484
"seq: 984
stamp: 
  secs: 61
  nsecs: 426000000
frame_id: ''",0,3,0.0,0.21699999272823334,1.0,0.9461538195610046,1.0,1.0,0,0,224.02310180664062,81.0069580078125,False,18.905000686645508
"seq: 985
stamp: 
  secs: 61
  nsecs: 462000000
frame_id: ''",0,3,0.0,0.21699999272823334,1.0,0.9461538195610046,1.0,1.0,0,0,224.56935119628906,81.26559448242188,False,18.94099998474121
"seq: 986
stamp: 
  secs: 61
  nsecs: 503000000
frame_id: ''",0,3,0.0,0.21699999272823334,1.0,0.9461538195610046,1.0,1.0,0,0,224.56935119628906,81.26559448242188,False,18.98200035095215
"seq: 987
stamp: 
  secs: 61
  nsecs: 542000000
frame_id: ''",0,3,0.0,0.21699999272823334,1.0,0.9461538195610046,1.0,1.0,0,0,224.88815307617188,81.40560150146484,False,19.020999908447266
"seq: 988
stamp: 
  secs: 61
  nsecs: 589000000
frame_id: ''",0,3,0.0,0.21699999272823334,1.0,0.9461538195610046,1.0,1.0,0,0,225.04212951660156,81.46894073486328,False,19.06800079345703
"seq: 989
stamp: 
  secs: 61
  nsecs: 629000000
frame_id: ''",0,3,0.0,0.21699999272823334,1.0,0.9461538195610046,1.0,1.0,0,0,225.2142333984375,81.53864288330078,False,19.107999801635742
"seq: 990
stamp: 
  secs: 61
  nsecs: 674000000
frame_id: ''",0,3,0.0,0.21699999272823334,1.0,0.9461538195610046,1.0,1.0,0,0,225.38865661621094,81.60706329345703,False,19.152999877929688
"seq: 991
stamp: 
  secs: 61
  nsecs: 709000000
frame_id: ''",0,3,0.0,0.21699999272823334,1.0,0.9461538195610046,1.0,1.0,0,0,225.59866333007812,81.68667602539062,False,19.187999725341797
"seq: 992
stamp: 
  secs: 61
  nsecs: 753000000
frame_id: ''",0,3,0.0,0.21699999272823334,1.0,0.9461538195610046,1.0,1.0,0,0,225.59866333007812,81.68667602539062,False,19.23200035095215
"seq: 993
stamp: 
  secs: 61
  nsecs: 812000000
frame_id: ''",0,3,0.0,0.21699999272823334,1.0,0.9461538195610046,1.0,1.0,0,0,225.8810272216797,81.78993225097656,False,19.291000366210938
"seq: 994
stamp: 
  secs: 61
  nsecs: 876000000
frame_id: ''",0,3,0.0,0.21699999272823334,1.0,0.9461538195610046,1.0,1.0,0,0,226.09918212890625,81.86747741699219,False,19.354999542236328
"seq: 995
stamp: 
  secs: 61
  nsecs: 902000000
frame_id: ''",0,3,0.0,0.21699999272823334,1.0,0.9461538195610046,1.0,1.0,0,0,226.33126831054688,81.94789123535156,False,19.381000518798828
"seq: 996
stamp: 
  secs: 61
  nsecs: 974000000
frame_id: ''",0,3,0.0,0.21699999272823334,1.0,0.9461538195610046,1.0,1.0,0,0,226.4316864013672,81.98131561279297,False,19.452999114990234
"seq: 997
stamp: 
  secs: 62
  nsecs:  19000000
frame_id: ''",0,3,0.0,0.21699999272823334,1.0,0.9461538195610046,1.0,1.0,0,0,226.68508911132812,82.06270599365234,False,19.49799919128418
"seq: 998
stamp: 
  secs: 62
  nsecs:  74000000
frame_id: ''",0,3,0.0,0.21699999272823334,1.0,0.9461538195610046,1.0,1.0,0,0,226.68508911132812,82.06270599365234,False,19.55299949645996
"seq: 999
stamp: 
  secs: 62
  nsecs: 138000000
frame_id: ''",0,3,0.0,0.21699999272823334,1.0,0.9461538195610046,1.0,1.0,0,0,226.97634887695312,82.1487808227539,False,19.617000579833984
"seq: 1000
stamp: 
  secs: 62
  nsecs: 202000000
frame_id: ''",0,3,0.0,0.21699999272823334,1.0,0.9461538195610046,1.0,1.0,0,0,227.13734436035156,82.19329833984375,False,19.680999755859375
"seq: 1001
stamp: 
  secs: 62
  nsecs: 276000000
frame_id: ''",0,3,0.0,0.21699999272823334,1.0,0.9461538195610046,1.0,1.0,0,0,227.29942321777344,82.23594665527344,False,19.7549991607666
"seq: 1002
stamp: 
  secs: 62
  nsecs: 318000000
frame_id: ''",0,3,0.0,0.21699999272823334,1.0,0.9461538195610046,1.0,1.0,0,0,227.49761962890625,82.28558349609375,False,19.797000885009766
"seq: 1003
stamp: 
  secs: 62
  nsecs: 377000000
frame_id: ''",0,3,0.0,0.21699999272823334,1.0,0.9461538195610046,1.0,1.0,0,0,227.6046142578125,82.31121826171875,False,19.856000900268555
"seq: 1004
stamp: 
  secs: 62
  nsecs: 408000000
frame_id: ''",0,3,0.0,0.21699999272823334,1.0,0.9461538195610046,1.0,1.0,0,0,227.75271606445312,82.3453598022461,False,19.886999130249023
"seq: 1005
stamp: 
  secs: 62
  nsecs: 467000000
frame_id: ''",0,3,0.0,0.21699999272823334,1.0,0.9461538195610046,1.0,1.0,0,0,227.8345489501953,82.36365509033203,False,19.945999145507812
"seq: 1006
stamp: 
  secs: 62
  nsecs: 526000000
frame_id: ''",0,3,0.0,0.21699999272823334,1.0,0.9461538195610046,1.0,1.0,0,0,227.9780731201172,82.39466094970703,False,20.0049991607666
"seq: 1007
stamp: 
  secs: 62
  nsecs: 601000000
frame_id: ''",0,3,0.0,0.21699999272823334,1.0,0.9461538195610046,1.0,1.0,0,0,228.12440490722656,82.42509460449219,False,20.079999923706055
"seq: 1008
stamp: 
  secs: 62
  nsecs: 645000000
frame_id: ''",0,3,0.0,0.21699999272823334,1.0,0.9461538195610046,1.0,1.0,0,0,228.32254028320312,82.46349334716797,False,20.124000549316406
"seq: 1009
stamp: 
  secs: 62
  nsecs: 701000000
frame_id: ''",0,3,0.0,0.21699999272823334,1.0,0.9461538195610046,1.0,1.0,0,0,228.39730834960938,82.4765625,False,20.18000030517578
"seq: 1010
stamp: 
  secs: 62
  nsecs: 751000000
frame_id: ''",0,3,0.0,0.21699999272823334,1.0,0.9461538195610046,1.0,1.0,0,0,228.47610473632812,82.4892578125,False,20.229999542236328
"seq: 1011
stamp: 
  secs: 62
  nsecs: 822000000
frame_id: ''",0,3,0.0,0.21699999272823334,1.0,0.9461538195610046,1.0,1.0,0,0,228.49952697753906,82.49235534667969,False,20.301000595092773
"seq: 1012
stamp: 
  secs: 62
  nsecs: 858000000
frame_id: ''",0,3,0.0,0.21699999272823334,1.0,0.9461538195610046,1.0,1.0,0,0,228.4973907470703,82.49213409423828,False,20.336999893188477
"seq: 1013
stamp: 
  secs: 62
  nsecs: 913000000
frame_id: ''",0,3,0.0,0.21699999272823334,1.0,0.9461538195610046,1.0,1.0,0,0,228.4973907470703,82.49213409423828,False,20.392000198364258
"seq: 1014
stamp: 
  secs: 62
  nsecs: 956000000
frame_id: ''",0,3,0.0,0.21699999272823334,1.0,0.9461538195610046,1.0,1.0,0,0,228.4975128173828,82.49214172363281,False,20.434999465942383
"seq: 1015
stamp: 
  secs: 63
  nsecs:   1000000
frame_id: ''",0,3,0.0,0.21699999272823334,1.0,0.9461538195610046,1.0,1.0,0,0,228.49752807617188,82.49214935302734,False,20.479999542236328
"seq: 1016
stamp: 
  secs: 63
  nsecs:  30000000
frame_id: ''",0,3,0.0,0.21699999272823334,1.0,0.9461538195610046,1.0,1.0,0,0,228.4975128173828,82.49214935302734,False,20.509000778198242
"seq: 1017
stamp: 
  secs: 63
  nsecs:  77000000
frame_id: ''",0,3,0.0,0.21699999272823334,1.0,0.9461538195610046,1.0,1.0,0,0,228.4975128173828,82.49214935302734,False,20.555999755859375
